order_id,order_date,order_time,customer_id,customer_region,product_id,product_name,category,unit_price,quantity,total_price,payment_method
1,16-04-2024,3.01.00 AM,8270,South,203,Laptop,Electronics,262.78,6,1576.68,UPI
2,20-09-2024,8.22.00 PM,1860,East,729,T-Shirt,Electronics,114.82,6,688.92,UPI
3,26-10-2024,12.16.00 AM,6390,East,616,Headphones,Clothing,361.35,6,2168.1,UPI
4,20-04-2024,11.21.00 AM,6191,West,971,Headphones,Electronics,419.04,6,2514.24,COD
5,26-06-2024,8.23.00 PM,7265,East,463,T-Shirt,Electronics,661.58,6,3969.48,Credit Card
6,14-09-2024,2.09.00 AM,1466,West,420,Laptop,Electronics,79.41,1,79.41,COD
7,03-12-2024,2.59.00 AM,5426,North,732,T-Shirt,Electronics,401.31,3,1203.93,COD
8,20-05-2024,8.41.00 AM,9322,North,248,Jeans,Electronics,165.24,6,991.44,COD
9,02-04-2024,6.38.00 PM,1769,North,505,T-Shirt,Electronics,51.5,3,154.5,Credit Card
10,07-04-2024,4.48.00 AM,7949,North,555,T-Shirt,Electronics,-50,8,3399.92,COD
11,30-07-2024,1.42.00 PM,3433,South,842,Laptop,Clothing,176.52,8,1412.16,UPI
12,23-02-2024,8.50.00 PM,6311,North,899,Laptop,Clothing,880.54,5,4402.7,COD
13,16-05-2024,5.39.00 PM,3558,East,753,Headphones,Clothing,934.96,2,1869.92,Credit Card
14,21-03-2024,9.24.00 PM,3047,South,580,Smartphone,Electronics,639.06,9,5751.54,COD
15,10-02-2024,11.19.00 PM,1189,East,213,Jeans,Clothing,409.18,9,3682.62,UPI
16,06-02-2024,12.49.00 AM,3734,East,848,Headphones,Clothing,754.87,4,3019.48,COD
17,30-06-2024,1.37.00 AM,4005,North,677,Headphones,Electronics,535.98,9,4823.82,UPI
18,11-05-2024,3.05.00 AM,5658,North,460,Smartphone,Electronics,680.66,7,4764.62,UPI
19,01-04-2024,11.52.00 AM,8734,West,869,Laptop,Electronics,734.18,9,6607.62,COD
20,12-11-2024,10.09.00 PM,4890,East,934,Smartphone,Clothing,544.89,7,3814.23,COD
21,29-01-2024,12.06.00 AM,9838,South,279,Jeans,Electronics,846.22,8,6769.76,UPI
22,13-01-2024,7.54.00 AM,6393,West,801,Headphones,Electronics,436.99,1,436.99,COD
23,29-04-2024,9.54.00 AM,9792,North,506,Jeans,Electronics,385.25,5,1926.25,Credit Card
24,11-08-2024,3.46.00 PM,9433,South,765,Smartphone,Clothing,915.91,2,1831.82,COD
25,27-03-2024,10.23.00 PM,3612,North,565,Laptop,Electronics,845.77,1,845.77,UPI
26,03-03-2024,7.29.00 AM,8041,South,410,Laptop,Electronics,489.18,5,2445.9,COD
27,03-07-2024,4.31.00 PM,1775,West,242,Laptop,Clothing,331.96,3,995.88,UPI
28,29-10-2024,10.22.00 PM,9226,West,441,Jeans,Clothing,48.88,2,97.76,UPI
29,23-04-2024,11.25.00 AM,4152,West,415,Headphones,Electronics,279.28,6,1675.68,COD
30,26-12-2024,6.50.00 PM,4943,North,343,Jeans,Clothing,978.57,8,7828.56,COD
31,13-08-2024,3.39.00 AM,8555,South,589,Laptop,Electronics,966.09,8,7728.72,COD
32,25-08-2024,11.03.00 AM,4073,South,111,Laptop,Clothing,401.2,5,2006,COD
33,10-05-2024,7.09.00 AM,8989,East,141,Jeans,Clothing,674.38,1,674.38,COD
34,24-05-2024,1.04.00 AM,7873,West,777,Smartphone,Clothing,807.38,2,1614.76,UPI
35,27-07-2024,10.32.00 PM,1161,North,528,T-Shirt,Clothing,406.21,1,406.21,COD
36,26-09-2024,7.43.00 PM,5297,South,902,Smartphone,Clothing,785.47,8,6283.76,Credit Card
37,20-06-2024,9.00.00 PM,1995,North,257,Jeans,Electronics,273.27,9,2459.43,Credit Card
38,28-05-2024,10.36.00 AM,8629,East,315,Laptop,Electronics,990.43,4,3961.72,UPI
39,16-08-2024,8.49.00 PM,2016,North,769,Jeans,Clothing,35.51,3,106.53,COD
40,28-12-2024,8.48.00 PM,8892,South,166,T-Shirt,Clothing,691.17,3,2073.51,UPI
41,23-11-2024,2.00.00 AM,8916,West,106,Smartphone,Electronics,939.14,6,5634.84,UPI
42,13-10-2024,7.53.00 AM,9529,South,625,Smartphone,Electronics,189.37,1,189.37,COD
43,31-03-2024,8.27.00 PM,5887,North,498,T-Shirt,Clothing,230.45,2,460.9,Credit Card
44,23-05-2024,2.58.00 PM,5859,North,504,Laptop,Clothing,314.14,5,1570.7,UPI
45,05-01-2024,2.54.00 PM,9684,North,958,Smartphone,Clothing,168.62,2,337.24,COD
46,03-04-2024,10.43.00 AM,6276,East,565,T-Shirt,Clothing,423.96,5,2119.8,Credit Card
47,18-10-2024,8.28.00 AM,9006,North,867,Headphones,Electronics,93.29,3,279.87,UPI
48,24-07-2024,8.07.00 PM,3568,North,365,T-Shirt,Clothing,399.17,8,3193.36,Credit Card
49,30-05-2024,4.02.00 AM,6463,West,636,Jeans,Electronics,109.24,2,218.48,COD
50,16-01-2024,2.50.00 PM,3027,West,892,T-Shirt,Electronics,26.43,2,52.86,Credit Card
51,10-04-2024,1.16.00 PM,3695,West,352,Jeans,Electronics,665.1,5,3325.5,Credit Card
52,15-03-2024,1.34.00 PM,6258,East,921,Laptop,Electronics,606.42,6,3638.52,COD
53,08-12-2024,5.13.00 AM,6618,South,388,Laptop,Clothing,171.39,2,342.78,COD
54,02-01-2024,11.24.00 PM,7736,North,263,T-Shirt,Clothing,241.47,5,1207.35,UPI
55,05-07-2024,4.50.00 PM,3454,West,998,Smartphone,Electronics,49,5,245,Credit Card
56,11-03-2024,2.24.00 AM,3731,South,124,Laptop,Electronics,398.97,8,3191.76,COD
57,13-04-2024,8.10.00 AM,9154,North,752,Jeans,Electronics,38.37,7,268.59,UPI
58,13-05-2024,3.56.00 PM,6056,South,216,Headphones,Clothing,587.42,8,4699.36,UPI
59,04-12-2024,11.33.00 AM,8385,West,178,T-Shirt,Clothing,49.86,6,299.16,UPI
60,31-10-2024,8.55.00 AM,7910,West,272,Jeans,Clothing,403.71,4,1614.84,UPI
61,15-11-2024,9.14.00 PM,6134,South,707,Smartphone,Electronics,712.34,1,712.34,UPI
62,30-01-2024,4.17.00 AM,6977,North,191,Smartphone,Clothing,278.78,7,1951.46,UPI
63,10-02-2024,4.57.00 PM,8721,East,752,Jeans,Clothing,905.2,8,7241.6,COD
64,04-02-2024,1.39.00 AM,8035,North,642,T-Shirt,Electronics,380.97,7,2666.79,COD
65,15-08-2024,3.41.00 PM,2484,South,945,Headphones,Clothing,554.37,4,2217.48,COD
66,20-08-2024,6.21.00 PM,8858,South,631,Smartphone,Electronics,60.07,8,480.56,UPI
67,11-08-2024,3.53.00 AM,1863,East,757,Smartphone,Clothing,431.86,5,2159.3,UPI
68,19-07-2024,4.37.00 PM,8408,North,546,Headphones,Clothing,807.59,5,4037.95,UPI
69,09-07-2024,8.49.00 AM,9755,South,489,Smartphone,Clothing,232.08,1,232.08,Credit Card
70,26-03-2024,9.13.00 AM,6116,North,771,Headphones,Electronics,233.82,9,2104.38,COD
71,07-09-2024,2.45.00 AM,7374,West,229,Headphones,Clothing,455.56,6,2733.36,UPI
72,21-03-2024,6.41.00 PM,7892,South,159,Jeans,Electronics,344.08,8,2752.64,COD
73,13-08-2024,3.50.00 PM,4242,North,566,Jeans,Electronics,92.69,5,463.45,UPI
74,01-09-2024,2.07.00 AM,7668,East,566,T-Shirt,Clothing,60.78,7,425.46,UPI
75,03-01-2024,11.33.00 PM,4157,North,877,Jeans,Electronics,497.61,6,2985.66,COD
76,13-02-2024,10.37.00 AM,6915,North,444,Smartphone,Electronics,447.69,4,1790.76,UPI
77,15-03-2024,10.41.00 PM,3693,East,741,T-Shirt,Electronics,341.06,5,1705.3,UPI
78,05-08-2024,3.54.00 AM,4627,West,481,Headphones,Electronics,400.63,1,400.63,UPI
79,06-06-2024,2.40.00 AM,6450,South,878,T-Shirt,Clothing,534.64,7,3742.48,UPI
80,26-04-2024,5.35.00 PM,6592,North,352,Laptop,Electronics,576.28,9,5186.52,Credit Card
81,30-05-2024,12.23.00 AM,2306,South,562,Jeans,Electronics,762.56,5,3812.8,COD
82,30-03-2024,8.27.00 AM,7776,East,556,Smartphone,Clothing,162.36,3,487.08,Credit Card
83,15-05-2024,12.02.00 AM,6864,South,182,T-Shirt,Electronics,157.76,9,1419.84,Credit Card
84,09-06-2024,8.11.00 PM,8526,South,198,Laptop,Electronics,275.49,6,1652.94,Credit Card
85,11-12-2024,11.07.00 AM,9901,South,248,Jeans,Clothing,-50,5,1837.3,UPI
86,27-09-2024,12.39.00 PM,6530,West,255,Jeans,Electronics,682.9,6,4097.4,COD
87,07-02-2024,12.14.00 AM,4748,West,593,Laptop,Electronics,44.33,6,265.98,COD
88,20-05-2024,5.02.00 AM,1663,East,982,Laptop,Clothing,397.99,4,1591.96,UPI
89,23-02-2024,3.59.00 AM,8994,North,179,Headphones,Electronics,201.5,8,1612,Credit Card
90,24-05-2024,3.20.00 PM,2495,West,499,Jeans,Electronics,645.09,4,2580.36,UPI
91,02-07-2024,8.02.00 PM,4304,North,863,Jeans,Electronics,267.23,9,2405.07,COD
92,19-01-2024,5.26.00 AM,6232,North,359,Smartphone,Clothing,896.73,2,1793.46,COD
93,11-06-2024,2.23.00 PM,7585,West,714,Headphones,Clothing,237.69,5,1188.45,COD
94,28-04-2024,11.38.00 PM,2291,South,651,Headphones,Electronics,417.19,3,1251.57,COD
95,06-02-2024,9.43.00 AM,4581,North,884,Jeans,Electronics,248.13,9,2233.17,UPI
96,04-06-2024,3.23.00 AM,8280,East,458,Headphones,Clothing,827.8,2,1655.6,UPI
97,10-06-2024,1.06.00 PM,2636,North,479,Laptop,Clothing,676.36,3,2029.08,UPI
98,06-09-2024,6.11.00 PM,4696,West,919,Jeans,Clothing,826.11,9,7434.99,UPI
99,10-01-2024,7.15.00 PM,5737,East,919,Jeans,Electronics,164.75,2,329.5,Credit Card
100,16-06-2024,9.01.00 AM,1854,West,519,T-Shirt,Electronics,740.57,9,6665.13,COD
101,28-11-2024,7.17.00 AM,9164,North,223,Smartphone,Electronics,366.87,4,1467.48,UPI
102,26-05-2024,6.47.00 AM,6855,North,521,T-Shirt,Clothing,674.56,9,6071.04,Credit Card
103,18-04-2024,10.03.00 AM,7528,North,789,Laptop,Clothing,90.42,4,361.68,COD
104,20-10-2024,12.28.00 AM,6249,South,162,T-Shirt,Clothing,992.66,5,4963.3,COD
105,25-09-2024,2.38.00 PM,6172,West,584,Jeans,Electronics,164.64,2,329.28,UPI
106,24-10-2024,11.35.00 PM,2707,South,727,Smartphone,Electronics,988.54,1,988.54,UPI
107,03-06-2024,3.49.00 AM,6791,North,802,Jeans,Clothing,977.51,7,6842.57,COD
108,03-11-2024,1.41.00 AM,6535,East,673,Headphones,Electronics,795.88,1,795.88,COD
109,20-05-2024,1.34.00 AM,4510,North,582,T-Shirt,Clothing,582.03,3,1746.09,COD
110,01-01-2024,5.13.00 PM,1202,North,618,Smartphone,Clothing,867.44,6,5204.64,COD
111,17-02-2024,6.11.00 AM,5218,East,254,Jeans,Clothing,296.55,7,2075.85,COD
112,07-07-2024,3.29.00 AM,9958,East,191,Laptop,Clothing,473,1,473,Credit Card
113,03-03-2024,4.24.00 AM,5389,South,625,Smartphone,Clothing,623.2,6,3739.2,COD
114,05-03-2024,9.29.00 AM,8777,South,744,Headphones,Clothing,568.59,1,568.59,COD
115,12-08-2024,12.17.00 AM,1197,West,609,Smartphone,Electronics,852.07,9,7668.63,UPI
116,19-10-2024,2.20.00 PM,2930,North,485,Jeans,Clothing,935.09,7,6545.63,COD
117,17-10-2024,12.12.00 PM,9800,South,830,Jeans,Clothing,825.04,2,1650.08,Credit Card
118,04-07-2024,6.31.00 PM,1659,North,841,T-Shirt,Electronics,26.04,8,208.32,Credit Card
119,13-12-2024,7.20.00 PM,3811,West,690,Smartphone,Clothing,820.2,7,5741.4,UPI
120,24-07-2024,3.57.00 PM,8098,West,760,Smartphone,Clothing,49.74,8,397.92,Credit Card
121,18-04-2024,2.31.00 AM,7546,North,749,Jeans,Clothing,891.01,3,2673.03,COD
122,23-04-2024,5.05.00 PM,2986,West,570,Headphones,Electronics,992.04,2,1984.08,COD
123,19-11-2024,10.48.00 AM,3911,North,987,Jeans,Clothing,218.22,8,1745.76,COD
124,19-08-2024,12.11.00 PM,2734,North,522,T-Shirt,Clothing,767.71,1,767.71,COD
125,06-09-2024,8.36.00 PM,3976,North,312,T-Shirt,Electronics,111.81,4,447.24,COD
126,14-08-2024,7.27.00 AM,6759,South,592,Laptop,Electronics,979.36,6,5876.16,COD
127,08-04-2024,1.00.00 AM,7694,North,312,T-Shirt,Clothing,677.1,1,677.1,Credit Card
128,03-12-2024,3.36.00 PM,3385,East,792,Laptop,Electronics,848.42,6,5090.52,COD
129,03-11-2024,8.56.00 PM,9155,West,771,Laptop,Electronics,598.3,2,1196.6,Credit Card
130,27-09-2024,5.25.00 AM,9120,West,263,Smartphone,Clothing,607.12,7,4249.84,UPI
131,28-05-2024,5.36.00 PM,5061,East,799,T-Shirt,Clothing,434.77,5,2173.85,UPI
132,18-01-2024,3.20.00 AM,1262,North,494,T-Shirt,Clothing,283.16,8,2265.28,COD
133,25-01-2024,6.31.00 PM,7287,North,802,T-Shirt,Electronics,770.9,4,3083.6,Credit Card
134,15-02-2024,5.39.00 PM,9815,North,407,Headphones,Electronics,234.01,7,1638.07,Credit Card
135,13-02-2024,10.14.00 PM,6423,West,282,Smartphone,Electronics,241,5,1205,COD
136,30-12-2024,5.34.00 AM,8158,West,609,Smartphone,Electronics,226.53,5,1132.65,UPI
137,26-10-2024,12.06.00 AM,8400,West,807,Laptop,Electronics,69.34,5,346.7,COD
138,24-02-2024,11.15.00 PM,3255,East,663,Headphones,Electronics,609.94,2,1219.88,Credit Card
139,18-09-2024,3.22.00 PM,7295,North,693,Jeans,Electronics,736.81,2,1473.62,UPI
140,17-10-2024,8.22.00 PM,7197,North,843,Smartphone,Electronics,347.91,4,1391.64,Credit Card
141,04-09-2024,10.07.00 AM,6539,North,844,T-Shirt,Clothing,929.57,4,3718.28,UPI
142,21-11-2024,1.14.00 PM,5199,North,832,Smartphone,Clothing,338.65,4,1354.6,Credit Card
143,17-03-2024,8.14.00 AM,9445,North,535,T-Shirt,Clothing,470.68,3,1412.04,Credit Card
144,21-05-2024,11.40.00 AM,3557,South,521,Jeans,Electronics,23.55,7,164.85,UPI
145,03-11-2024,2.29.00 AM,6592,West,653,Smartphone,Clothing,90.78,9,817.02,UPI
146,18-12-2024,3.20.00 AM,1098,East,120,Laptop,Clothing,266.01,5,1330.05,COD
147,23-02-2024,7.54.00 AM,5973,West,724,Laptop,Clothing,432.13,2,864.26,Credit Card
148,19-11-2024,10.50.00 AM,5433,East,204,Laptop,Electronics,552.66,5,2763.3,COD
149,25-01-2024,7.17.00 AM,3869,North,291,Laptop,Electronics,182.9,7,1280.3,UPI
150,29-01-2024,11.17.00 AM,1956,East,116,Laptop,Electronics,302.97,9,2726.73,COD
151,17-08-2024,7.10.00 PM,6699,South,492,Smartphone,Clothing,965.65,5,4828.25,COD
152,01-09-2024,9.22.00 PM,7944,North,524,Smartphone,Electronics,59.91,6,359.46,COD
153,20-08-2024,11.19.00 AM,5493,East,228,Jeans,Electronics,891.48,3,2674.44,Credit Card
154,26-01-2024,7.30.00 AM,5911,East,229,Jeans,Clothing,581.11,5,2905.55,COD
155,22-12-2024,7.42.00 AM,4987,East,671,Jeans,Electronics,568.28,8,4546.24,Credit Card
156,28-07-2024,10.49.00 AM,5555,North,341,Headphones,Clothing,347.55,5,1737.75,Credit Card
157,07-07-2024,7.10.00 AM,4446,East,331,Jeans,Clothing,412.52,9,3712.68,UPI
158,03-09-2024,10.27.00 PM,2045,East,888,T-Shirt,Clothing,151.85,1,151.85,Credit Card
159,19-03-2024,7.36.00 AM,7893,South,383,Headphones,Electronics,717.57,5,3587.85,COD
160,14-05-2024,9.01.00 PM,2693,West,814,Laptop,Clothing,300.42,9,2703.78,COD
161,27-06-2024,2.52.00 PM,4436,South,858,Smartphone,Clothing,530.22,4,2120.88,UPI
162,05-03-2024,6.43.00 PM,9754,South,901,Laptop,Electronics,700.85,8,5606.8,COD
163,30-08-2024,12.53.00 PM,6895,North,875,Smartphone,Clothing,901.26,6,5407.56,COD
164,31-10-2024,11.44.00 AM,1225,West,299,Headphones,Electronics,679.6,4,2718.4,UPI
165,19-07-2024,4.51.00 AM,8022,South,954,Laptop,Electronics,946.47,1,946.47,Credit Card
166,18-06-2024,2.39.00 PM,5642,East,680,Laptop,Clothing,225.71,4,902.84,UPI
167,16-12-2024,4.12.00 AM,9208,North,548,Laptop,Clothing,637.37,9,5736.33,UPI
168,28-04-2024,2.35.00 AM,8339,North,186,Jeans,Electronics,597.53,1,597.53,UPI
169,02-11-2024,7.48.00 PM,2069,East,107,Jeans,Clothing,731.49,5,3657.45,COD
170,08-06-2024,12.34.00 AM,4444,South,944,T-Shirt,Electronics,330.3,8,2642.4,COD
171,03-06-2024,10.49.00 AM,2060,West,299,Laptop,Clothing,668.41,7,4678.87,COD
172,07-02-2024,9.53.00 AM,4420,West,186,T-Shirt,Clothing,349.3,4,1397.2,UPI
173,12-11-2024,3.04.00 AM,1606,East,484,Headphones,Clothing,103.47,6,620.82,UPI
174,12-02-2024,7.37.00 AM,4170,West,720,Laptop,Clothing,833.2,9,7498.8,Credit Card
175,23-12-2024,7.59.00 PM,1699,South,534,Headphones,Electronics,919.21,5,4596.05,COD
176,31-08-2024,5.45.00 PM,6088,East,507,T-Shirt,Electronics,653.29,8,5226.32,UPI
177,24-03-2024,3.36.00 PM,1190,South,582,Smartphone,Electronics,112.4,5,562,COD
178,03-06-2024,9.56.00 PM,1980,East,763,Smartphone,Electronics,408.01,2,816.02,COD
179,24-08-2024,8.51.00 PM,3975,South,116,Smartphone,Clothing,731.65,6,4389.9,Credit Card
180,17-09-2024,2.59.00 AM,7102,North,744,T-Shirt,Electronics,782.02,9,7038.18,Credit Card
181,09-06-2024,11.25.00 AM,2816,West,465,Jeans,Electronics,261.94,5,1309.7,Credit Card
182,07-09-2024,11.07.00 AM,6854,East,327,Smartphone,Electronics,22.77,3,68.31,Credit Card
183,27-05-2024,10.49.00 AM,7709,South,750,Smartphone,Electronics,544.9,9,4904.1,Credit Card
184,20-01-2024,5.12.00 AM,6442,North,498,Laptop,Electronics,958.06,3,2874.18,Credit Card
185,02-06-2024,7.17.00 AM,2895,South,310,Headphones,Electronics,570.09,9,5130.81,Credit Card
186,21-04-2024,8.56.00 PM,8455,West,639,T-Shirt,Clothing,553.38,4,2213.52,Credit Card
187,23-07-2024,8.31.00 PM,5014,West,662,Headphones,Electronics,386.18,4,1544.72,UPI
188,19-06-2024,7.20.00 AM,2686,South,590,Headphones,Electronics,611.06,2,1222.12,UPI
189,19-02-2024,10.27.00 AM,4009,West,541,Headphones,Electronics,394.84,5,1974.2,COD
190,16-07-2024,7.51.00 AM,8806,East,360,Jeans,Electronics,247.9,8,1983.2,Credit Card
191,19-06-2024,12.45.00 AM,2409,North,449,Headphones,Electronics,321.77,7,2252.39,Credit Card
192,16-03-2024,6.10.00 AM,1784,West,451,Smartphone,Clothing,-50,6,634.08,Credit Card
193,05-07-2024,10.40.00 PM,9096,South,619,Smartphone,Electronics,185.13,3,555.39,COD
194,29-12-2024,9.50.00 PM,8560,North,419,Jeans,Clothing,987.46,5,4937.3,UPI
195,21-11-2024,5.59.00 AM,8343,South,237,Jeans,Clothing,449.66,1,449.66,UPI
196,29-12-2024,8.54.00 PM,8206,South,649,Laptop,Electronics,536.55,7,3755.85,Credit Card
197,06-10-2024,6.54.00 PM,3806,South,319,Jeans,Clothing,586.89,2,1173.78,COD
198,16-05-2024,10.06.00 AM,1537,West,436,Jeans,Electronics,814.35,3,2443.05,COD
199,07-02-2024,4.38.00 AM,6986,East,322,Jeans,Clothing,333.67,3,1001.01,UPI
200,31-08-2024,11.17.00 AM,9716,South,867,Jeans,Clothing,408.68,7,2860.76,Credit Card
201,29-05-2024,3.25.00 PM,7971,South,459,Smartphone,Electronics,675.78,6,4054.68,Credit Card
202,20-12-2024,11.14.00 AM,3950,East,562,Laptop,Clothing,322.09,9,2898.81,COD
203,20-07-2024,11.06.00 PM,8992,North,660,Laptop,Clothing,141.88,1,141.88,UPI
204,23-08-2024,8.18.00 AM,5780,West,903,Headphones,Electronics,636.07,2,1272.14,UPI
205,30-12-2024,6.45.00 AM,3368,West,481,Headphones,Electronics,137.04,4,548.16,COD
206,03-01-2024,5.41.00 AM,7655,East,935,T-Shirt,Clothing,582.71,3,1748.13,Credit Card
207,03-07-2024,3.41.00 PM,9173,East,689,T-Shirt,Electronics,696.49,1,696.49,UPI
208,10-05-2024,6.08.00 AM,5495,West,716,T-Shirt,Clothing,703.61,5,3518.05,UPI
209,27-08-2024,1.13.00 PM,7002,North,268,Headphones,Electronics,755.94,7,5291.58,COD
210,09-06-2024,8.33.00 PM,7614,West,316,Headphones,Electronics,874.13,2,1748.26,Credit Card
211,10-12-2024,10.20.00 PM,6919,East,477,T-Shirt,Clothing,504.96,5,2524.8,UPI
212,21-01-2024,8.09.00 PM,1853,North,218,T-Shirt,Electronics,732.95,6,4397.7,Credit Card
213,28-05-2024,5.00.00 AM,5146,East,289,Jeans,Electronics,622.98,7,4360.86,UPI
214,27-12-2024,1.08.00 PM,4769,North,866,T-Shirt,Electronics,194.77,1,194.77,COD
215,23-10-2024,1.27.00 AM,1574,South,469,Jeans,Clothing,35.43,7,248.01,Credit Card
216,18-03-2024,8.16.00 AM,2148,East,877,Smartphone,Electronics,291.7,4,1166.8,COD
217,24-03-2024,10.22.00 PM,5777,East,958,Headphones,Electronics,204.28,9,1838.52,COD
218,14-01-2024,6.07.00 PM,3491,East,869,Smartphone,Electronics,963.85,4,3855.4,Credit Card
219,14-08-2024,9.59.00 PM,4124,South,473,Laptop,Electronics,116.96,8,935.68,COD
220,31-05-2024,8.09.00 PM,6691,South,880,T-Shirt,Clothing,483.71,9,4353.39,Credit Card
221,28-12-2024,11.00.00 PM,4051,South,792,Laptop,Clothing,589.71,4,2358.84,UPI
222,12-12-2024,8.47.00 AM,6222,North,450,Laptop,Electronics,95.17,8,761.36,COD
223,04-10-2024,12.36.00 AM,6315,West,387,Headphones,Electronics,66.46,5,332.3,COD
224,28-01-2024,1.38.00 PM,5869,North,387,Jeans,Clothing,114.43,2,228.86,COD
225,27-09-2024,5.36.00 PM,1876,East,991,Headphones,Clothing,589.73,9,5307.57,COD
226,27-04-2024,10.26.00 AM,8027,North,325,Headphones,Electronics,548.9,3,1646.7,COD
227,07-07-2024,5.15.00 PM,5142,North,622,Laptop,Electronics,241.4,2,482.8,COD
228,01-07-2024,12.44.00 PM,7966,East,621,Headphones,Clothing,641.4,1,641.4,UPI
229,04-03-2024,8.11.00 AM,8079,East,882,Laptop,Electronics,821.87,8,6574.96,UPI
230,07-03-2024,7.58.00 PM,7799,North,501,T-Shirt,Clothing,503.15,7,3522.05,Credit Card
231,20-10-2024,9.07.00 PM,5465,North,282,Laptop,Electronics,692.42,1,692.42,Credit Card
232,30-07-2024,7.14.00 AM,9311,South,945,Laptop,Electronics,898.96,3,2696.88,COD
233,29-01-2024,9.47.00 PM,1830,East,223,Laptop,Electronics,811.83,6,4870.98,COD
234,23-03-2024,6.05.00 PM,6177,South,725,Smartphone,Electronics,587.3,3,1761.9,Credit Card
235,10-05-2024,7.08.00 AM,9308,South,513,Laptop,Clothing,371.17,1,371.17,UPI
236,25-06-2024,2.31.00 AM,3838,East,271,Headphones,Clothing,471.52,1,471.52,COD
237,08-06-2024,11.23.00 PM,2150,East,387,T-Shirt,Clothing,198.04,1,198.04,Credit Card
238,18-07-2024,4.52.00 AM,2931,South,785,T-Shirt,Clothing,560.9,6,3365.4,COD
239,28-07-2024,1.50.00 PM,2664,West,212,Headphones,Clothing,365.04,2,730.08,COD
240,14-12-2024,3.34.00 PM,2081,West,987,Smartphone,Clothing,912.23,2,1824.46,COD
241,04-02-2024,5.46.00 PM,8805,North,643,Smartphone,Clothing,322.62,1,322.62,Credit Card
242,30-10-2024,2.31.00 PM,6237,North,321,Laptop,Electronics,66.31,2,132.62,UPI
243,09-12-2024,3.53.00 PM,1559,East,730,T-Shirt,Clothing,768.86,8,6150.88,Credit Card
244,06-11-2024,7.09.00 AM,4672,West,138,Smartphone,Electronics,705.09,6,4230.54,Credit Card
245,19-10-2024,7.14.00 PM,8404,North,596,Jeans,Electronics,338.04,2,676.08,COD
246,01-02-2024,4.15.00 PM,4343,East,879,Laptop,Clothing,678.91,7,4752.37,UPI
247,02-05-2024,7.16.00 AM,5070,West,332,Headphones,Electronics,401.98,4,1607.92,COD
248,02-09-2024,10.53.00 AM,1580,South,629,Headphones,Electronics,758.69,2,1517.38,Credit Card
249,15-04-2024,3.40.00 PM,8004,East,248,Jeans,Clothing,459.64,6,2757.84,Credit Card
250,12-04-2024,3.59.00 AM,9130,North,496,Laptop,Clothing,418.16,9,3763.44,COD
251,22-06-2024,3.59.00 PM,4147,North,760,T-Shirt,Clothing,935.38,9,8418.42,Credit Card
252,26-06-2024,8.19.00 AM,5249,East,737,Smartphone,Electronics,258.37,8,2066.96,Credit Card
253,07-09-2024,11.22.00 AM,4506,North,459,Headphones,Electronics,588.7,3,1766.1,Credit Card
254,01-09-2024,5.37.00 AM,8253,South,337,Jeans,Clothing,969.63,2,1939.26,UPI
255,08-03-2024,6.54.00 AM,3744,West,746,Jeans,Electronics,384.06,5,1920.3,COD
256,29-02-2024,1.04.00 PM,3141,East,335,Jeans,Electronics,345.91,7,2421.37,Credit Card
257,04-06-2024,8.12.00 AM,7617,South,835,Jeans,Electronics,510.87,4,2043.48,Credit Card
258,08-11-2024,12.36.00 PM,3479,North,302,Laptop,Electronics,170.3,9,1532.7,COD
259,27-12-2024,9.47.00 PM,8421,West,697,Smartphone,Electronics,997.77,6,5986.62,COD
260,28-09-2024,11.56.00 PM,5452,North,761,Laptop,Clothing,457.22,7,3200.54,COD
261,03-09-2024,10.04.00 AM,6881,North,334,T-Shirt,Clothing,361.18,4,1444.72,COD
262,16-09-2024,6.40.00 AM,7665,West,444,Laptop,Clothing,406.7,6,2440.2,COD
263,15-12-2024,1.18.00 PM,7905,East,896,T-Shirt,Clothing,420.68,8,3365.44,COD
264,12-06-2024,3.01.00 PM,3489,West,880,Smartphone,Electronics,393.4,9,3540.6,UPI
265,11-04-2024,12.41.00 AM,5611,West,565,Smartphone,Clothing,663.09,1,663.09,Credit Card
266,09-12-2024,1.41.00 AM,3839,East,869,T-Shirt,Electronics,447.61,7,3133.27,COD
267,03-09-2024,10.44.00 AM,6878,West,312,Headphones,Clothing,70.83,5,354.15,COD
268,27-02-2024,5.53.00 AM,7303,South,562,Laptop,Clothing,815.59,2,1631.18,UPI
269,11-03-2024,1.40.00 AM,2687,North,382,T-Shirt,Clothing,652.28,7,4565.96,UPI
270,05-12-2024,5.48.00 AM,7833,North,661,Laptop,Clothing,955.02,2,1910.04,Credit Card
271,24-03-2024,7.07.00 AM,3427,North,706,Smartphone,Electronics,159.92,2,319.84,COD
272,30-11-2024,12.37.00 PM,5000,West,562,Headphones,Electronics,482.64,1,482.64,Credit Card
273,09-03-2024,9.30.00 PM,6052,East,506,Smartphone,Electronics,605.79,4,2423.16,UPI
274,17-11-2024,10.48.00 AM,3738,East,187,T-Shirt,Clothing,585.92,7,4101.44,Credit Card
275,09-09-2024,4.10.00 AM,6732,South,143,Laptop,Clothing,407.45,9,3667.05,UPI
276,04-10-2024,11.55.00 AM,6387,South,560,T-Shirt,Clothing,344.7,3,1034.1,UPI
277,26-10-2024,9.19.00 AM,6536,East,782,Jeans,Clothing,397.83,7,2784.81,COD
278,31-08-2024,2.55.00 PM,4913,East,520,Headphones,Clothing,171.03,7,1197.21,COD
279,09-11-2024,5.04.00 PM,8723,West,452,Jeans,Electronics,216.74,6,1300.44,Credit Card
280,24-10-2024,10.26.00 PM,5380,West,795,T-Shirt,Electronics,67.98,2,135.96,Credit Card
281,13-05-2024,10.06.00 PM,5107,North,614,Headphones,Electronics,556.84,6,3341.04,COD
282,01-03-2024,11.05.00 AM,6726,West,802,Laptop,Electronics,599.28,3,1797.84,UPI
283,10-06-2024,2.44.00 PM,4373,West,729,Laptop,Clothing,873.19,2,1746.38,Credit Card
284,16-03-2024,7.26.00 PM,9967,West,512,T-Shirt,Clothing,804.98,5,4024.9,COD
285,12-08-2024,4.58.00 AM,7748,South,129,Jeans,Clothing,544.88,2,1089.76,UPI
286,14-04-2024,11.54.00 PM,1417,East,906,Jeans,Clothing,88.49,3,265.47,UPI
287,03-06-2024,1.56.00 AM,9808,South,466,Headphones,Clothing,908.94,6,5453.64,Credit Card
288,12-12-2024,7.04.00 PM,8668,South,210,Smartphone,Electronics,159.93,1,159.93,COD
289,16-07-2024,6.28.00 AM,8587,North,755,Jeans,Electronics,940.17,4,3760.68,COD
290,19-10-2024,11.32.00 PM,1728,South,683,T-Shirt,Clothing,757.58,7,5303.06,UPI
291,20-05-2024,11.21.00 AM,8164,West,228,Laptop,Clothing,590.76,8,4726.08,Credit Card
292,18-04-2024,3.27.00 PM,9867,North,975,T-Shirt,Clothing,830.15,1,830.15,COD
293,27-09-2024,8.00.00 AM,6988,West,360,Jeans,Clothing,89.38,4,357.52,UPI
294,13-08-2024,9.57.00 PM,3504,East,614,T-Shirt,Clothing,482.07,6,2892.42,COD
295,27-04-2024,3.03.00 AM,2122,North,582,Jeans,Clothing,785.63,9,7070.67,COD
296,01-03-2024,10.07.00 AM,3143,East,590,T-Shirt,Clothing,971.23,4,3884.92,Credit Card
297,15-10-2024,9.13.00 PM,7806,West,572,Jeans,Electronics,185.38,8,1483.04,UPI
298,27-09-2024,2.19.00 AM,4766,West,995,Jeans,Clothing,411.37,4,1645.48,Credit Card
299,01-08-2024,4.59.00 AM,6644,North,401,Headphones,Electronics,521.12,9,4690.08,UPI
300,20-05-2024,9.20.00 AM,3914,South,330,Laptop,Clothing,584.84,5,2924.2,UPI
301,24-02-2024,11.00.00 AM,5968,South,830,T-Shirt,Clothing,936.58,8,7492.64,UPI
302,14-02-2024,8.42.00 AM,6917,West,165,Headphones,Clothing,675.53,6,4053.18,COD
303,20-07-2024,7.09.00 AM,2365,East,492,Smartphone,Clothing,951.03,9,8559.27,Credit Card
304,24-09-2024,11.03.00 AM,5492,East,599,Laptop,Clothing,31.85,8,254.8,Credit Card
305,09-05-2024,12.26.00 PM,1698,South,697,T-Shirt,Electronics,982.7,4,3930.8,UPI
306,10-01-2024,12.01.00 AM,8186,West,333,T-Shirt,Electronics,95.27,6,571.62,COD
307,02-05-2024,5.59.00 AM,1395,East,701,Jeans,Clothing,816.24,1,816.24,Credit Card
308,17-02-2024,1.59.00 AM,8400,North,413,Smartphone,Electronics,287.53,4,1150.12,COD
309,23-12-2024,8.57.00 PM,5171,North,111,T-Shirt,Electronics,445.46,1,445.46,UPI
310,07-06-2024,8.20.00 PM,5360,West,308,Headphones,Clothing,647.52,3,1942.56,COD
311,02-11-2024,1.37.00 PM,3782,West,517,Laptop,Electronics,603.47,2,1206.94,UPI
312,19-11-2024,11.18.00 AM,5946,East,536,T-Shirt,Electronics,903.38,9,8130.42,UPI
313,22-07-2024,4.06.00 AM,6486,South,476,T-Shirt,Clothing,389.38,4,1557.52,COD
314,06-09-2024,3.22.00 PM,8266,North,854,Headphones,Electronics,57.88,6,347.28,COD
315,01-08-2024,10.25.00 PM,5491,North,834,T-Shirt,Electronics,822.28,7,5755.96,Credit Card
316,03-06-2024,11.24.00 AM,8192,West,169,Smartphone,Electronics,828.08,3,2484.24,UPI
317,07-07-2024,11.03.00 PM,8651,South,310,Headphones,Electronics,359.57,8,2876.56,COD
318,19-10-2024,10.43.00 PM,2062,West,231,Headphones,Electronics,827.67,7,5793.69,COD
319,28-06-2024,9.09.00 AM,3156,South,722,Jeans,Electronics,635.14,7,4445.98,COD
320,25-12-2024,12.35.00 AM,6161,West,231,Laptop,Electronics,602.58,9,5423.22,UPI
321,02-02-2024,4.32.00 PM,6305,West,119,Laptop,Clothing,420,5,2100,UPI
322,22-02-2024,4.14.00 AM,7541,North,635,Headphones,Electronics,958.37,8,7666.96,COD
323,22-10-2024,3.39.00 AM,5729,South,326,T-Shirt,Electronics,545.7,1,545.7,UPI
324,08-11-2024,8.14.00 PM,5330,West,568,Jeans,Clothing,-50,3,1727.67,COD
325,24-03-2024,3.09.00 PM,9010,North,921,T-Shirt,Clothing,-50,3,578.97,UPI
326,06-10-2024,4.05.00 AM,7801,South,970,Jeans,Electronics,68.99,8,551.92,COD
327,09-03-2024,3.25.00 AM,8241,North,137,Laptop,Clothing,528.17,5,2640.85,Credit Card
328,19-07-2024,9.56.00 AM,3539,South,287,Laptop,Electronics,669.86,4,2679.44,COD
329,02-11-2024,1.00.00 PM,2542,North,119,Jeans,Clothing,447.42,3,1342.26,UPI
330,22-12-2024,12.15.00 AM,6293,West,372,Smartphone,Clothing,171.73,8,1373.84,Credit Card
331,23-03-2024,1.26.00 PM,2191,South,218,T-Shirt,Electronics,192.61,7,1348.27,UPI
332,14-12-2024,2.02.00 AM,7313,South,682,Smartphone,Electronics,210.27,2,420.54,Credit Card
333,23-03-2024,4.04.00 AM,3681,South,320,Laptop,Electronics,-50,9,545.76,UPI
334,22-05-2024,3.08.00 PM,7172,East,614,Headphones,Clothing,516.59,9,4649.31,UPI
335,09-01-2024,5.53.00 AM,6541,South,827,Headphones,Electronics,488.46,2,976.92,Credit Card
336,07-02-2024,5.52.00 AM,9702,South,797,T-Shirt,Clothing,153.87,7,1077.09,UPI
337,21-09-2024,8.52.00 AM,4141,East,865,Headphones,Clothing,578.13,7,4046.91,COD
338,01-01-2024,4.03.00 PM,2810,West,769,T-Shirt,Clothing,562.29,2,1124.58,UPI
339,11-12-2024,8.25.00 PM,7588,East,693,Headphones,Clothing,960.19,6,5761.14,UPI
340,05-09-2024,8.41.00 AM,6301,East,287,T-Shirt,Electronics,107.03,9,963.27,Credit Card
341,31-03-2024,2.37.00 AM,5186,East,159,Laptop,Clothing,53.63,1,53.63,UPI
342,06-06-2024,10.41.00 PM,9905,South,916,Laptop,Electronics,193.42,8,1547.36,COD
343,22-06-2024,7.14.00 PM,6977,North,418,Smartphone,Electronics,545.86,5,2729.3,UPI
344,11-12-2024,2.52.00 PM,5748,North,310,T-Shirt,Electronics,55.13,4,220.52,Credit Card
345,04-03-2024,9.40.00 PM,4709,East,763,Laptop,Clothing,843.74,6,5062.44,Credit Card
346,27-03-2024,3.43.00 PM,9647,North,175,Laptop,Clothing,86.42,5,432.1,COD
347,05-03-2024,10.37.00 PM,7530,West,413,Smartphone,Electronics,135.67,2,271.34,Credit Card
348,11-10-2024,3.48.00 PM,1504,West,216,Jeans,Clothing,132.05,6,792.3,COD
349,14-02-2024,6.43.00 PM,2214,West,967,Smartphone,Electronics,523.38,6,3140.28,COD
350,11-12-2024,6.05.00 AM,2531,South,803,Smartphone,Clothing,253.39,5,1266.95,COD
351,22-05-2024,11.04.00 AM,1823,South,531,Jeans,Clothing,989.61,3,2968.83,UPI
352,13-07-2024,6.29.00 AM,6029,South,839,T-Shirt,Clothing,949.49,7,6646.43,COD
353,06-07-2024,12.58.00 PM,2852,East,580,T-Shirt,Clothing,14.15,2,28.3,COD
354,16-01-2024,9.15.00 PM,5175,West,930,Laptop,Clothing,645.4,9,5808.6,COD
355,15-04-2024,11.26.00 AM,2256,South,862,Headphones,Clothing,421.29,5,2106.45,Credit Card
356,02-08-2024,3.34.00 AM,6645,South,862,Headphones,Electronics,342.02,4,1368.08,COD
357,21-02-2024,5.34.00 AM,4584,East,924,T-Shirt,Clothing,107.44,7,752.08,COD
358,28-04-2024,1.37.00 PM,4330,North,912,Laptop,Electronics,603.37,6,3620.22,UPI
359,18-12-2024,2.07.00 PM,9120,South,297,Headphones,Clothing,399.22,2,798.44,UPI
360,02-04-2024,12.08.00 AM,8114,East,359,Smartphone,Electronics,244.55,5,1222.75,COD
361,09-05-2024,8.55.00 AM,6063,South,851,Jeans,Electronics,187.24,9,1685.16,COD
362,04-04-2024,7.54.00 AM,8575,East,498,Jeans,Electronics,680.77,3,2042.31,COD
363,18-04-2024,10.58.00 PM,1667,West,809,Jeans,Clothing,551.46,7,3860.22,Credit Card
364,26-09-2024,3.46.00 AM,5468,North,658,Headphones,Clothing,480.34,4,1921.36,COD
365,04-01-2024,4.39.00 PM,7819,North,177,Headphones,Electronics,923.21,3,2769.63,COD
366,12-04-2024,10.29.00 AM,4719,North,223,Jeans,Electronics,82.01,8,656.08,Credit Card
367,01-05-2024,3.05.00 PM,3745,East,174,Smartphone,Electronics,287.79,4,1151.16,Credit Card
368,13-05-2024,9.54.00 PM,8483,South,970,Jeans,Clothing,-50,1,356.44,COD
369,03-01-2024,7.12.00 AM,1539,East,236,T-Shirt,Clothing,784.6,6,4707.6,COD
370,01-12-2024,8.24.00 AM,5964,East,701,Jeans,Clothing,992.59,1,992.59,UPI
371,11-02-2024,8.54.00 AM,5835,South,499,Smartphone,Clothing,248.26,5,1241.3,Credit Card
372,07-06-2024,7.11.00 AM,4775,West,936,T-Shirt,Electronics,875.56,7,6128.92,COD
373,03-06-2024,3.22.00 AM,8102,West,599,Laptop,Clothing,232.41,2,464.82,UPI
374,17-03-2024,11.05.00 PM,8312,North,672,Smartphone,Clothing,405.34,4,1621.36,COD
375,01-01-2024,6.13.00 AM,6320,East,237,Jeans,Clothing,415.58,2,831.16,COD
376,10-07-2024,12.41.00 AM,7132,North,149,Headphones,Clothing,978.44,1,978.44,COD
377,24-11-2024,6.21.00 PM,8891,East,870,Smartphone,Clothing,189.08,3,567.24,Credit Card
378,12-07-2024,5.08.00 PM,2581,West,961,Laptop,Clothing,733.56,1,733.56,COD
379,23-11-2024,10.46.00 AM,8714,South,353,T-Shirt,Clothing,425.81,9,3832.29,UPI
380,23-05-2024,8.25.00 PM,6713,South,809,T-Shirt,Clothing,834.29,4,3337.16,COD
381,07-03-2024,6.10.00 AM,2838,West,856,T-Shirt,Electronics,695.13,2,1390.26,COD
382,18-10-2024,12.02.00 PM,1009,West,525,Smartphone,Electronics,148.59,5,742.95,COD
383,03-11-2024,10.42.00 AM,3871,North,646,Jeans,Electronics,421.66,9,3794.94,Credit Card
384,02-05-2024,5.25.00 AM,9989,East,401,Laptop,Clothing,553.1,2,1106.2,UPI
385,10-08-2024,7.52.00 PM,8418,West,448,Smartphone,Electronics,524.42,6,3146.52,COD
386,23-12-2024,11.04.00 AM,6124,South,931,Headphones,Clothing,996.56,2,1993.12,Credit Card
387,23-02-2024,6.26.00 AM,2015,East,148,Headphones,Electronics,143.87,4,575.48,Credit Card
388,06-09-2024,9.58.00 PM,5158,South,455,Jeans,Clothing,167.15,6,1002.9,COD
389,16-12-2024,7.36.00 AM,4925,East,681,Smartphone,Electronics,949.78,1,949.78,UPI
390,20-02-2024,10.13.00 PM,7938,North,359,Headphones,Clothing,907.97,5,4539.85,Credit Card
391,14-01-2024,3.33.00 AM,5784,East,737,Laptop,Clothing,991.62,5,4958.1,UPI
392,19-09-2024,3.19.00 PM,5000,West,842,Smartphone,Electronics,216.23,6,1297.38,Credit Card
393,25-11-2024,1.50.00 AM,8266,South,740,Jeans,Clothing,672.53,5,3362.65,COD
394,18-07-2024,9.32.00 AM,1384,East,412,Headphones,Electronics,424.21,5,2121.05,Credit Card
395,14-05-2024,4.30.00 AM,1404,South,711,Jeans,Clothing,364.23,3,1092.69,UPI
396,13-03-2024,8.03.00 PM,9175,North,937,Headphones,Electronics,597.84,4,2391.36,COD
397,06-03-2024,7.58.00 AM,3000,West,908,T-Shirt,Electronics,579.84,8,4638.72,Credit Card
398,28-11-2024,6.22.00 AM,2460,North,785,Smartphone,Electronics,477.02,5,2385.1,COD
399,28-02-2024,4.18.00 AM,8190,West,927,Laptop,Electronics,557.94,2,1115.88,UPI
400,07-12-2024,9.54.00 AM,4636,West,287,T-Shirt,Electronics,218.01,6,1308.06,Credit Card
401,29-11-2024,12.14.00 PM,5809,South,668,Headphones,Clothing,744.85,6,4469.1,COD
402,04-09-2024,2.05.00 PM,5178,West,642,Jeans,Electronics,34.95,9,314.55,COD
403,04-03-2024,7.25.00 AM,8245,West,695,T-Shirt,Clothing,361.28,8,2890.24,UPI
404,24-09-2024,9.52.00 PM,7600,West,763,Laptop,Clothing,782.41,8,6259.28,COD
405,18-06-2024,5.59.00 AM,3048,North,824,Headphones,Electronics,268.55,5,1342.75,UPI
406,31-10-2024,1.43.00 PM,5780,East,507,T-Shirt,Electronics,698,7,4886,Credit Card
407,27-03-2024,7.47.00 PM,8939,North,717,T-Shirt,Electronics,798.28,5,3991.4,Credit Card
408,02-02-2024,3.32.00 AM,6565,West,513,T-Shirt,Clothing,737.67,8,5901.36,Credit Card
409,29-05-2024,5.43.00 PM,5544,South,441,Headphones,Electronics,614.01,3,1842.03,UPI
410,25-06-2024,7.09.00 AM,5976,North,319,Smartphone,Electronics,493.3,6,2959.8,COD
411,21-12-2024,2.20.00 PM,8239,West,319,Headphones,Clothing,268.72,8,2149.76,Credit Card
412,05-04-2024,3.39.00 AM,1770,East,947,Smartphone,Clothing,518.57,2,1037.14,Credit Card
413,01-04-2024,2.52.00 AM,5363,South,499,Jeans,Electronics,295.3,9,2657.7,COD
414,06-06-2024,8.02.00 AM,2077,West,281,Smartphone,Electronics,16.4,9,147.6,UPI
415,06-02-2024,6.40.00 AM,9427,South,717,Laptop,Electronics,501.28,6,3007.68,UPI
416,01-11-2024,9.55.00 AM,9580,East,828,Jeans,Clothing,292.77,4,1171.08,UPI
417,20-05-2024,2.56.00 AM,8901,South,304,Smartphone,Clothing,737.26,4,2949.04,COD
418,30-08-2024,4.39.00 PM,5858,East,681,T-Shirt,Clothing,33.71,6,202.26,Credit Card
419,13-08-2024,2.04.00 PM,5719,South,940,Jeans,Electronics,942.06,6,5652.36,Credit Card
420,21-04-2024,9.58.00 AM,3814,South,912,Headphones,Clothing,182.67,7,1278.69,Credit Card
421,03-06-2024,10.07.00 PM,4374,North,327,T-Shirt,Electronics,476.93,7,3338.51,Credit Card
422,10-06-2024,12.41.00 AM,2252,West,795,Laptop,Electronics,100.51,9,904.59,COD
423,29-05-2024,8.31.00 PM,7996,East,718,Smartphone,Clothing,629.43,8,5035.44,UPI
424,29-09-2024,12.56.00 PM,5673,North,695,Headphones,Clothing,555.03,6,3330.18,Credit Card
425,18-11-2024,12.40.00 AM,5530,South,949,Smartphone,Clothing,413.29,6,2479.74,UPI
426,21-05-2024,5.04.00 AM,7881,West,349,Laptop,Electronics,526.16,5,2630.8,COD
427,16-11-2024,1.04.00 PM,7949,North,974,Laptop,Electronics,897.61,1,897.61,COD
428,01-01-2024,11.23.00 AM,7241,East,540,Jeans,Electronics,204.33,9,1838.97,Credit Card
429,10-06-2024,2.53.00 PM,9017,North,632,Laptop,Electronics,32.34,9,291.06,COD
430,05-06-2024,1.29.00 PM,7941,East,295,Smartphone,Electronics,863.05,9,7767.45,UPI
431,26-02-2024,2.50.00 AM,8002,South,789,T-Shirt,Clothing,581.35,8,4650.8,Credit Card
432,07-12-2024,9.50.00 PM,5261,West,169,Jeans,Electronics,600.98,1,600.98,UPI
433,13-07-2024,4.33.00 PM,8648,West,738,Smartphone,Electronics,812.06,8,6496.48,Credit Card
434,01-10-2024,1.29.00 PM,6115,South,498,Smartphone,Clothing,435.38,7,3047.66,Credit Card
435,04-02-2024,7.47.00 PM,5854,South,859,Smartphone,Clothing,913.91,7,6397.37,Credit Card
436,24-10-2024,6.40.00 AM,8730,South,247,Laptop,Clothing,188.98,9,1700.82,UPI
437,22-03-2024,6.29.00 PM,5892,South,754,Jeans,Clothing,206.66,9,1859.94,UPI
438,22-11-2024,7.51.00 PM,8043,East,298,T-Shirt,Electronics,254.39,9,2289.51,Credit Card
439,04-01-2024,9.20.00 AM,1137,North,525,Jeans,Clothing,313.35,5,1566.75,UPI
440,19-05-2024,12.12.00 PM,4472,South,591,Jeans,Electronics,592.11,7,4144.77,Credit Card
441,19-07-2024,11.50.00 AM,6449,North,987,Smartphone,Clothing,432.23,4,1728.92,UPI
442,08-02-2024,12.27.00 PM,3832,North,995,Headphones,Electronics,619.27,9,5573.43,Credit Card
443,20-08-2024,2.11.00 PM,4579,South,241,T-Shirt,Clothing,90.76,6,544.56,COD
444,22-03-2024,1.13.00 PM,6971,South,412,Laptop,Electronics,96.91,3,290.73,Credit Card
445,30-09-2024,1.05.00 AM,5164,West,264,Headphones,Clothing,180.11,6,1080.66,UPI
446,01-06-2024,3.10.00 PM,8941,North,413,Laptop,Clothing,522.9,6,3137.4,COD
447,15-09-2024,5.13.00 PM,6569,East,120,Headphones,Clothing,221.85,5,1109.25,COD
448,19-05-2024,7.36.00 PM,7269,West,680,Jeans,Clothing,406.31,2,812.62,UPI
449,07-05-2024,6.13.00 PM,4818,East,230,T-Shirt,Electronics,813.75,7,5696.25,Credit Card
450,13-04-2024,9.40.00 AM,2906,North,698,T-Shirt,Clothing,23.72,2,47.44,Credit Card
451,29-01-2024,4.43.00 PM,7254,West,829,Headphones,Electronics,652.89,6,3917.34,UPI
452,19-10-2024,7.03.00 PM,1760,South,404,Smartphone,Electronics,672.19,5,3360.95,UPI
453,09-09-2024,2.04.00 AM,7090,East,483,Jeans,Clothing,162.25,4,649,COD
454,25-12-2024,3.13.00 PM,7031,North,544,Headphones,Clothing,887.31,1,887.31,Credit Card
455,19-07-2024,5.12.00 PM,2887,South,277,Headphones,Clothing,666.4,1,666.4,UPI
456,23-12-2024,1.47.00 AM,1666,North,807,Laptop,Clothing,932.42,4,3729.68,UPI
457,06-09-2024,2.42.00 PM,5188,North,994,Jeans,Clothing,996.98,9,8972.82,UPI
458,18-12-2024,12.03.00 AM,1671,East,589,T-Shirt,Electronics,722.96,3,2168.88,UPI
459,24-09-2024,5.56.00 AM,7777,North,426,Jeans,Clothing,294.35,7,2060.45,Credit Card
460,25-02-2024,12.55.00 PM,8570,West,697,Smartphone,Clothing,880.95,8,7047.6,COD
461,15-04-2024,10.13.00 AM,8956,West,388,Smartphone,Clothing,58.73,6,352.38,Credit Card
462,11-08-2024,11.44.00 PM,6124,West,692,Jeans,Electronics,238.77,1,238.77,Credit Card
463,17-08-2024,7.40.00 PM,6585,West,763,Smartphone,Clothing,898.41,8,7187.28,Credit Card
464,11-11-2024,8.29.00 AM,5777,North,672,T-Shirt,Electronics,263.63,3,790.89,UPI
465,05-09-2024,9.50.00 AM,4900,East,672,Headphones,Clothing,228.44,8,1827.52,Credit Card
466,30-08-2024,11.22.00 PM,7677,East,453,Smartphone,Electronics,-50,4,586.96,COD
467,12-04-2024,3.02.00 AM,7376,East,142,Jeans,Electronics,505.06,1,505.06,UPI
468,30-06-2024,4.22.00 AM,3593,South,697,Jeans,Electronics,760.46,9,6844.14,COD
469,06-07-2024,2.15.00 AM,7937,West,628,T-Shirt,Electronics,319.47,1,319.47,Credit Card
470,10-04-2024,12.57.00 AM,7190,South,709,Headphones,Clothing,416.58,3,1249.74,UPI
471,11-04-2024,8.49.00 AM,6240,North,593,T-Shirt,Clothing,217.59,4,870.36,COD
472,12-05-2024,7.16.00 PM,7493,South,297,Headphones,Electronics,976.8,5,4884,COD
473,17-05-2024,12.25.00 PM,3878,West,709,T-Shirt,Electronics,649.15,3,1947.45,UPI
474,24-09-2024,10.56.00 PM,4644,North,941,Jeans,Electronics,310.35,2,620.7,COD
475,26-10-2024,3.02.00 PM,2276,North,616,Smartphone,Electronics,768.2,9,6913.8,Credit Card
476,10-05-2024,9.53.00 AM,1302,West,121,Laptop,Clothing,965.98,7,6761.86,Credit Card
477,08-10-2024,2.54.00 PM,1638,East,211,Smartphone,Electronics,399.62,7,2797.34,COD
478,15-10-2024,12.46.00 AM,1055,West,156,T-Shirt,Electronics,139.41,7,975.87,COD
479,26-11-2024,3.32.00 PM,9717,North,165,Headphones,Clothing,674.99,3,2024.97,Credit Card
480,10-06-2024,10.28.00 PM,9150,North,941,Smartphone,Clothing,732.02,7,5124.14,Credit Card
481,27-11-2024,4.20.00 PM,3125,West,197,Jeans,Electronics,579.31,1,579.31,UPI
482,01-05-2024,2.52.00 PM,1364,South,243,Laptop,Electronics,214.75,1,214.75,UPI
483,11-12-2024,3.30.00 PM,7809,West,979,Smartphone,Electronics,509.41,5,2547.05,UPI
484,16-08-2024,7.22.00 AM,5621,West,534,Smartphone,Clothing,319.07,2,638.14,COD
485,02-09-2024,7.56.00 AM,6126,North,736,Jeans,Clothing,433.19,9,3898.71,UPI
486,20-12-2024,10.39.00 AM,6122,East,778,T-Shirt,Electronics,648.77,7,4541.39,COD
487,21-06-2024,7.42.00 PM,2646,North,185,Headphones,Clothing,747.76,4,2991.04,COD
488,21-08-2024,6.14.00 PM,1918,East,687,Jeans,Clothing,239.9,4,959.6,COD
489,18-11-2024,9.18.00 PM,3797,North,443,Headphones,Electronics,411.27,2,822.54,COD
490,03-09-2024,7.54.00 PM,7506,West,393,T-Shirt,Electronics,276.47,5,1382.35,UPI
491,15-08-2024,9.33.00 PM,2531,North,749,Headphones,Clothing,785.55,1,785.55,Credit Card
492,03-09-2024,4.28.00 PM,8673,West,342,Jeans,Electronics,753.77,6,4522.62,Credit Card
493,20-06-2024,11.20.00 AM,7949,West,930,T-Shirt,Electronics,898.03,4,3592.12,UPI
494,18-08-2024,3.56.00 PM,4086,East,490,Jeans,Clothing,956.73,9,8610.57,Credit Card
495,30-07-2024,10.34.00 AM,9152,South,376,Laptop,Clothing,382.91,3,1148.73,Credit Card
496,16-02-2024,1.16.00 AM,6750,West,631,Laptop,Clothing,345.85,1,345.85,Credit Card
497,18-08-2024,6.26.00 PM,2062,North,482,Laptop,Electronics,491.31,3,1473.93,UPI
498,21-06-2024,3.41.00 PM,2976,West,167,T-Shirt,Electronics,-50,6,707.52,COD
499,07-11-2024,4.00.00 PM,2296,South,977,Jeans,Clothing,256.05,8,2048.4,UPI
500,08-02-2024,1.22.00 AM,7229,South,983,Laptop,Clothing,323.77,4,1295.08,Credit Card
501,12-07-2024,7.05.00 AM,8641,South,313,Headphones,Clothing,810.74,5,4053.7,UPI
502,26-09-2024,11.26.00 AM,1125,North,754,Jeans,Electronics,876.73,5,4383.65,UPI
503,29-03-2024,3.06.00 PM,5632,East,475,Jeans,Clothing,309.44,4,1237.76,COD
504,24-06-2024,5.22.00 AM,4596,West,312,Smartphone,Electronics,858.66,4,3434.64,Credit Card
505,07-12-2024,10.29.00 AM,7168,South,178,Smartphone,Electronics,767,4,3068,UPI
506,23-07-2024,3.40.00 AM,1232,East,703,T-Shirt,Electronics,945.57,2,1891.14,COD
507,10-05-2024,5.38.00 PM,7371,East,881,Smartphone,Clothing,685.72,2,1371.44,UPI
508,30-03-2024,2.21.00 AM,8943,North,779,Laptop,Electronics,505.57,2,1011.14,COD
509,09-02-2024,3.08.00 AM,7891,North,157,Jeans,Clothing,649.27,6,3895.62,COD
510,09-05-2024,7.33.00 PM,3472,North,125,Headphones,Clothing,128.75,5,643.75,COD
511,10-11-2024,8.22.00 PM,6401,North,546,Jeans,Clothing,804.37,7,5630.59,Credit Card
512,16-01-2024,5.39.00 PM,2761,East,165,Laptop,Electronics,862.8,7,6039.6,UPI
513,16-02-2024,3.20.00 PM,1876,South,859,Smartphone,Electronics,145.93,6,875.58,Credit Card
514,18-09-2024,1.14.00 PM,4812,West,353,Smartphone,Clothing,952.86,5,4764.3,UPI
515,19-03-2024,3.50.00 PM,2460,South,998,Laptop,Electronics,335.53,1,335.53,Credit Card
516,10-12-2024,1.11.00 PM,2733,West,143,Smartphone,Electronics,665.69,3,1997.07,COD
517,14-07-2024,7.10.00 PM,2605,North,196,T-Shirt,Clothing,754.31,9,6788.79,COD
518,12-03-2024,2.37.00 AM,6622,South,653,Jeans,Clothing,813.83,1,813.83,Credit Card
519,06-02-2024,1.09.00 AM,7767,West,326,Jeans,Electronics,946.29,5,4731.45,Credit Card
520,11-01-2024,10.06.00 AM,7986,East,873,Laptop,Clothing,319.79,2,639.58,UPI
521,28-02-2024,1.46.00 AM,4517,East,778,Smartphone,Clothing,859.92,4,3439.68,UPI
522,07-09-2024,12.58.00 PM,4735,South,535,Headphones,Clothing,140.37,1,140.37,UPI
523,31-03-2024,1.57.00 PM,9434,South,890,Headphones,Electronics,707.99,3,2123.97,COD
524,18-10-2024,6.38.00 PM,1005,East,808,Smartphone,Clothing,177.17,3,531.51,COD
525,25-12-2024,1.26.00 AM,8489,East,406,Headphones,Electronics,63.1,9,567.9,COD
526,30-04-2024,11.32.00 AM,9659,West,878,Laptop,Electronics,720.29,3,2160.87,COD
527,17-06-2024,7.39.00 PM,6966,East,367,T-Shirt,Electronics,850.61,2,1701.22,Credit Card
528,06-11-2024,10.31.00 PM,9837,South,685,T-Shirt,Clothing,389.56,4,1558.24,UPI
529,15-08-2024,6.06.00 PM,3551,West,607,Smartphone,Electronics,838.08,7,5866.56,COD
530,17-10-2024,2.16.00 AM,6560,South,575,Jeans,Clothing,553.42,3,1660.26,Credit Card
531,21-02-2024,7.21.00 PM,5289,West,396,Jeans,Clothing,197.3,5,986.5,UPI
532,18-12-2024,1.58.00 AM,7469,South,696,Laptop,Electronics,608.27,5,3041.35,COD
533,07-03-2024,7.36.00 PM,1224,West,666,T-Shirt,Clothing,830.42,1,830.42,UPI
534,04-08-2024,12.10.00 PM,5208,West,658,Laptop,Clothing,831.27,1,831.27,Credit Card
535,08-11-2024,3.59.00 AM,2917,West,927,Headphones,Electronics,700.05,9,6300.45,COD
536,03-01-2024,3.07.00 AM,5234,South,567,Jeans,Clothing,369.35,2,738.7,UPI
537,08-04-2024,11.06.00 AM,4744,East,485,Headphones,Clothing,121.46,8,971.68,Credit Card
538,11-12-2024,3.50.00 AM,1009,West,874,Smartphone,Electronics,413.7,4,1654.8,COD
539,06-06-2024,4.39.00 AM,1260,North,947,Laptop,Electronics,887.52,2,1775.04,Credit Card
540,11-09-2024,11.20.00 PM,7038,West,486,Jeans,Clothing,56.72,2,113.44,UPI
541,23-07-2024,9.18.00 AM,3219,South,976,Laptop,Clothing,961.8,9,8656.2,Credit Card
542,20-10-2024,7.37.00 AM,3060,East,382,T-Shirt,Clothing,635.06,7,4445.42,UPI
543,18-04-2024,10.26.00 AM,2619,East,974,Jeans,Clothing,256.3,3,768.9,Credit Card
544,22-11-2024,1.38.00 PM,9512,South,139,Smartphone,Electronics,942.64,2,1885.28,COD
545,24-07-2024,1.58.00 AM,2342,North,585,Laptop,Electronics,305.29,6,1831.74,Credit Card
546,08-01-2024,7.56.00 AM,3832,East,319,Laptop,Clothing,-50,2,1555.5,COD
547,02-07-2024,1.19.00 PM,3824,East,228,T-Shirt,Electronics,399.19,4,1596.76,UPI
548,01-10-2024,9.19.00 AM,2994,South,619,Jeans,Electronics,147.86,9,1330.74,UPI
549,22-04-2024,2.23.00 PM,4490,East,712,Laptop,Clothing,20.61,9,185.49,Credit Card
550,16-09-2024,11.13.00 PM,8984,South,991,Laptop,Clothing,548.81,6,3292.86,UPI
551,28-11-2024,1.16.00 PM,2604,South,787,Smartphone,Electronics,976.02,4,3904.08,UPI
552,29-09-2024,1.39.00 AM,2908,South,712,T-Shirt,Clothing,363.62,1,363.62,UPI
553,22-01-2024,5.46.00 PM,9567,North,359,T-Shirt,Electronics,350.65,4,1402.6,Credit Card
554,25-12-2024,6.12.00 AM,6256,West,857,Laptop,Clothing,446.26,8,3570.08,COD
555,17-02-2024,3.42.00 AM,9162,West,643,Smartphone,Clothing,510.47,5,2552.35,Credit Card
556,23-08-2024,3.41.00 PM,3560,North,748,T-Shirt,Electronics,512.68,6,3076.08,Credit Card
557,22-09-2024,11.15.00 AM,6415,West,623,Smartphone,Electronics,146.99,5,734.95,UPI
558,13-10-2024,1.15.00 AM,6951,West,986,Laptop,Electronics,257.47,1,257.47,UPI
559,27-01-2024,10.53.00 PM,6468,North,115,Headphones,Electronics,82.63,3,247.89,UPI
560,27-02-2024,3.39.00 PM,9007,South,228,Jeans,Electronics,666.51,2,1333.02,UPI
561,02-01-2024,8.06.00 AM,7941,North,208,Smartphone,Clothing,420.99,9,3788.91,Credit Card
562,16-06-2024,7.52.00 AM,5820,North,986,Jeans,Clothing,427.97,9,3851.73,COD
563,14-07-2024,1.13.00 PM,8546,East,769,Laptop,Electronics,203.76,3,611.28,COD
564,11-02-2024,2.07.00 AM,1077,West,368,Laptop,Electronics,822.05,4,3288.2,COD
565,16-07-2024,5.22.00 PM,8577,South,261,Laptop,Clothing,652.26,9,5870.34,Credit Card
566,18-09-2024,8.23.00 AM,1600,West,201,Jeans,Clothing,463.45,7,3244.15,Credit Card
567,05-09-2024,7.33.00 AM,2065,North,605,Laptop,Clothing,264.08,3,792.24,UPI
568,20-10-2024,12.33.00 PM,3136,North,834,Jeans,Clothing,754.59,7,5282.13,UPI
569,20-02-2024,10.28.00 AM,7943,South,670,Smartphone,Clothing,517.75,7,3624.25,COD
570,24-10-2024,12.52.00 AM,8804,South,346,Jeans,Clothing,327.65,9,2948.85,UPI
571,18-01-2024,4.14.00 AM,3190,South,230,Smartphone,Clothing,351.57,2,703.14,COD
572,27-07-2024,10.20.00 PM,3192,North,295,Laptop,Electronics,212.2,8,1697.6,UPI
573,24-06-2024,7.59.00 AM,4687,West,744,Headphones,Electronics,915.85,7,6410.95,UPI
574,17-10-2024,9.23.00 AM,6765,North,576,Smartphone,Electronics,129.16,3,387.48,Credit Card
575,07-05-2024,5.48.00 PM,6567,East,585,Smartphone,Clothing,929.52,8,7436.16,UPI
576,21-11-2024,9.50.00 AM,6788,North,310,T-Shirt,Clothing,517.27,1,517.27,COD
577,13-02-2024,3.17.00 PM,6408,South,671,Laptop,Electronics,355.34,1,355.34,COD
578,02-06-2024,7.19.00 AM,9669,South,476,Laptop,Electronics,381.08,4,1524.32,COD
579,28-09-2024,11.44.00 PM,1922,West,494,T-Shirt,Clothing,625.12,2,1250.24,Credit Card
580,16-10-2024,3.13.00 PM,3204,East,463,Smartphone,Clothing,119.5,2,239,UPI
581,27-10-2024,11.31.00 AM,2120,South,975,Jeans,Clothing,45.23,2,90.46,UPI
582,08-10-2024,3.39.00 PM,1950,South,556,Smartphone,Clothing,994.39,5,4971.95,Credit Card
583,27-04-2024,5.09.00 PM,6373,North,827,Laptop,Clothing,63.29,8,506.32,Credit Card
584,03-09-2024,11.24.00 PM,3243,North,325,Laptop,Electronics,197.98,4,791.92,Credit Card
585,20-11-2024,11.14.00 AM,5612,East,687,Laptop,Electronics,397.89,5,1989.45,Credit Card
586,28-03-2024,7.04.00 AM,2865,North,575,T-Shirt,Clothing,804.38,2,1608.76,Credit Card
587,03-01-2024,11.53.00 AM,7028,East,897,Jeans,Clothing,347.83,8,2782.64,Credit Card
588,24-07-2024,8.27.00 PM,8326,North,376,Smartphone,Clothing,449.74,2,899.48,UPI
589,20-01-2024,4.51.00 PM,7371,West,255,Laptop,Clothing,678.83,9,6109.47,UPI
590,12-08-2024,10.59.00 PM,7359,South,859,Headphones,Electronics,513.81,9,4624.29,UPI
591,13-06-2024,1.00.00 AM,8863,South,317,Laptop,Electronics,862.83,3,2588.49,COD
592,27-05-2024,8.41.00 PM,4228,East,289,Smartphone,Clothing,867.38,4,3469.52,COD
593,26-02-2024,1.10.00 AM,3371,North,774,Smartphone,Electronics,780.27,9,7022.43,UPI
594,16-10-2024,8.32.00 AM,3891,East,791,Headphones,Clothing,466.13,3,1398.39,COD
595,19-05-2024,2.23.00 PM,5225,West,140,Laptop,Clothing,488.4,8,3907.2,COD
596,01-01-2024,8.54.00 PM,1094,South,406,Jeans,Electronics,987.03,3,2961.09,COD
597,29-03-2024,12.49.00 PM,3116,East,378,T-Shirt,Clothing,992.21,2,1984.42,Credit Card
598,05-06-2024,8.30.00 AM,6779,West,275,Jeans,Clothing,858.96,7,6012.72,COD
599,29-12-2024,8.06.00 AM,7166,North,995,Headphones,Electronics,106.39,9,957.51,COD
600,19-05-2024,3.37.00 AM,1345,North,372,Laptop,Clothing,352.12,3,1056.36,Credit Card
601,09-10-2024,11.50.00 PM,8783,North,750,Jeans,Clothing,242.41,1,242.41,UPI
602,17-12-2024,1.09.00 PM,1984,East,961,Headphones,Clothing,820.68,7,5744.76,UPI
603,20-07-2024,5.18.00 PM,1827,South,958,Headphones,Clothing,829.25,8,6634,Credit Card
604,29-03-2024,5.26.00 PM,5451,East,992,T-Shirt,Clothing,248.75,5,1243.75,UPI
605,21-02-2024,9.32.00 AM,1126,South,582,Headphones,Electronics,195.25,6,1171.5,UPI
606,09-01-2024,10.50.00 AM,4177,South,347,Headphones,Electronics,559.99,1,559.99,COD
607,21-05-2024,8.02.00 PM,7024,South,146,Laptop,Clothing,423.22,1,423.22,UPI
608,26-11-2024,1.59.00 AM,6109,North,553,Laptop,Clothing,383.1,2,766.2,Credit Card
609,25-07-2024,12.58.00 AM,5146,East,300,Smartphone,Clothing,877.15,2,1754.3,Credit Card
610,05-06-2024,8.44.00 AM,4368,South,223,T-Shirt,Clothing,498.03,7,3486.21,Credit Card
611,17-07-2024,1.26.00 AM,4797,West,100,Smartphone,Clothing,336.85,1,336.85,UPI
612,21-04-2024,3.24.00 AM,2792,West,858,Smartphone,Clothing,115.73,1,115.73,Credit Card
613,01-02-2024,4.49.00 PM,6732,South,954,Headphones,Electronics,953.87,1,953.87,COD
614,19-09-2024,6.42.00 PM,4476,South,739,Headphones,Electronics,69.62,6,417.72,UPI
615,24-05-2024,3.59.00 PM,2645,North,678,Smartphone,Clothing,305.09,1,305.09,UPI
616,14-10-2024,2.24.00 AM,4072,North,914,Headphones,Electronics,785.33,6,4711.98,COD
617,27-01-2024,6.54.00 PM,5021,North,242,Smartphone,Electronics,638.56,2,1277.12,COD
618,16-10-2024,8.25.00 PM,5662,South,290,Smartphone,Clothing,132.61,9,1193.49,Credit Card
619,10-09-2024,11.14.00 AM,6031,North,326,T-Shirt,Electronics,910.34,1,910.34,Credit Card
620,14-10-2024,12.52.00 PM,9393,West,401,T-Shirt,Electronics,-50,6,3295.08,Credit Card
621,19-05-2024,9.54.00 AM,4507,East,753,T-Shirt,Clothing,87.08,6,522.48,COD
622,05-04-2024,12.05.00 AM,7456,East,559,Smartphone,Clothing,955.89,6,5735.34,COD
623,01-09-2024,12.43.00 PM,8970,East,650,Smartphone,Clothing,861.05,3,2583.15,Credit Card
624,12-06-2024,2.34.00 AM,9766,South,492,Headphones,Clothing,177.12,6,1062.72,Credit Card
625,03-03-2024,3.23.00 AM,2625,South,863,Headphones,Clothing,23.1,7,161.7,UPI
626,07-07-2024,6.43.00 PM,9577,East,306,Smartphone,Clothing,771.75,8,6174,Credit Card
627,12-01-2024,5.26.00 PM,9070,East,309,Headphones,Clothing,935.45,2,1870.9,COD
628,06-12-2024,8.26.00 PM,9666,North,214,Laptop,Clothing,910.11,9,8190.99,COD
629,18-05-2024,11.27.00 PM,7490,East,745,Laptop,Electronics,889.31,9,8003.79,Credit Card
630,27-01-2024,1.02.00 PM,7783,East,318,T-Shirt,Electronics,291.34,7,2039.38,Credit Card
631,30-07-2024,8.32.00 AM,5971,West,506,Smartphone,Electronics,296.08,9,2664.72,UPI
632,29-02-2024,8.48.00 AM,2205,East,542,T-Shirt,Clothing,383.28,4,1533.12,COD
633,04-01-2024,11.04.00 AM,2990,North,702,Headphones,Electronics,399.39,2,798.78,UPI
634,30-01-2024,5.37.00 AM,6299,West,453,Jeans,Clothing,549.11,9,4941.99,COD
635,16-08-2024,8.40.00 PM,4572,East,987,T-Shirt,Electronics,168.28,2,336.56,Credit Card
636,03-01-2024,11.19.00 PM,6975,North,657,Laptop,Electronics,694.33,3,2082.99,Credit Card
637,16-10-2024,4.03.00 PM,7320,West,649,Smartphone,Electronics,175.89,2,351.78,Credit Card
638,28-11-2024,8.45.00 AM,5757,East,711,Laptop,Electronics,508.31,6,3049.86,COD
639,14-07-2024,1.44.00 AM,6588,West,939,Jeans,Clothing,742.07,8,5936.56,Credit Card
640,05-09-2024,6.05.00 AM,5944,North,646,Smartphone,Electronics,164.22,7,1149.54,UPI
641,25-01-2024,11.20.00 PM,4432,South,758,Jeans,Clothing,551.57,1,551.57,Credit Card
642,25-05-2024,2.23.00 PM,5243,South,945,T-Shirt,Electronics,383.59,3,1150.77,Credit Card
643,30-09-2024,7.26.00 AM,7704,West,380,T-Shirt,Electronics,956.09,4,3824.36,COD
644,09-02-2024,3.13.00 AM,5422,North,523,Laptop,Clothing,954.1,5,4770.5,UPI
645,02-07-2024,4.47.00 AM,3482,South,369,Jeans,Clothing,52.67,9,474.03,UPI
646,18-12-2024,9.33.00 PM,9058,East,253,T-Shirt,Electronics,187.3,4,749.2,UPI
647,03-07-2024,6.53.00 PM,1951,North,713,Laptop,Clothing,398.3,5,1991.5,COD
648,04-12-2024,9.26.00 PM,9914,East,826,Laptop,Electronics,948.3,1,948.3,UPI
649,06-09-2024,8.58.00 PM,3079,West,761,T-Shirt,Clothing,149.79,2,299.58,UPI
650,13-12-2024,6.31.00 AM,5524,West,721,Laptop,Clothing,117.6,2,235.2,Credit Card
651,13-08-2024,2.17.00 PM,9477,West,998,Headphones,Clothing,981.45,5,4907.25,COD
652,10-04-2024,4.29.00 AM,8186,West,374,Laptop,Clothing,777.48,3,2332.44,UPI
653,18-03-2024,11.48.00 AM,1768,South,383,Headphones,Electronics,631.39,4,2525.56,COD
654,11-05-2024,12.42.00 PM,7645,North,426,Headphones,Electronics,154.56,3,463.68,Credit Card
655,13-05-2024,12.21.00 PM,6083,North,817,Headphones,Clothing,938.68,6,5632.08,COD
656,29-02-2024,7.18.00 PM,6232,West,162,Smartphone,Clothing,918.47,9,8266.23,Credit Card
657,15-07-2024,10.41.00 AM,6797,South,172,Headphones,Electronics,888.59,1,888.59,Credit Card
658,20-08-2024,11.37.00 PM,7016,South,735,T-Shirt,Electronics,810.19,2,1620.38,Credit Card
659,04-05-2024,4.16.00 AM,9038,East,732,Jeans,Clothing,341.44,7,2390.08,COD
660,27-07-2024,8.32.00 PM,5873,East,607,Laptop,Clothing,320.57,2,641.14,Credit Card
661,18-04-2024,11.45.00 AM,2481,West,886,T-Shirt,Electronics,639.29,6,3835.74,UPI
662,11-01-2024,11.19.00 PM,7305,South,497,T-Shirt,Electronics,362.4,3,1087.2,UPI
663,03-07-2024,9.40.00 PM,4451,East,219,Jeans,Clothing,157.02,8,1256.16,Credit Card
664,14-12-2024,10.07.00 AM,1054,North,536,Smartphone,Clothing,600.5,3,1801.5,UPI
665,27-11-2024,4.16.00 PM,8643,East,928,Laptop,Clothing,816.24,9,7346.16,COD
666,22-08-2024,10.55.00 AM,4462,East,775,Smartphone,Clothing,388.3,1,388.3,Credit Card
667,17-07-2024,6.04.00 PM,1832,East,564,Headphones,Electronics,140.95,5,704.75,UPI
668,23-10-2024,8.53.00 PM,6954,West,385,Smartphone,Clothing,204.72,3,614.16,UPI
669,19-09-2024,5.58.00 PM,4310,North,772,Smartphone,Clothing,646.37,9,5817.33,Credit Card
670,08-01-2024,9.48.00 PM,8218,West,188,Headphones,Electronics,368.88,5,1844.4,Credit Card
671,15-05-2024,6.32.00 PM,8776,West,753,Headphones,Clothing,825.76,9,7431.84,COD
672,17-01-2024,12.56.00 AM,4054,South,920,Jeans,Electronics,474.35,5,2371.75,Credit Card
673,28-06-2024,11.45.00 AM,3143,South,433,Jeans,Clothing,188.36,7,1318.52,Credit Card
674,07-03-2024,4.24.00 AM,6207,North,321,T-Shirt,Electronics,118.76,4,475.04,Credit Card
675,25-03-2024,4.52.00 PM,9356,South,875,Smartphone,Clothing,35.1,3,105.3,COD
676,01-11-2024,1.31.00 PM,7612,East,613,Headphones,Electronics,693.15,7,4852.05,UPI
677,26-10-2024,8.50.00 AM,6005,East,972,Smartphone,Clothing,322.94,2,645.88,COD
678,07-09-2024,9.59.00 PM,1822,North,736,Jeans,Electronics,65.18,8,521.44,Credit Card
679,25-12-2024,3.55.00 AM,7150,South,697,Smartphone,Clothing,248.4,7,1738.8,COD
680,30-03-2024,3.18.00 PM,9966,North,226,Laptop,Clothing,89.78,9,808.02,COD
681,16-03-2024,12.40.00 PM,3198,South,354,Smartphone,Electronics,155.69,5,778.45,Credit Card
682,22-11-2024,3.42.00 PM,5242,West,794,Headphones,Clothing,305,5,1525,UPI
683,02-07-2024,5.41.00 PM,4695,North,115,Headphones,Clothing,98.86,3,296.58,Credit Card
684,13-12-2024,5.19.00 AM,2308,North,161,Smartphone,Electronics,15.99,2,31.98,COD
685,28-04-2024,11.02.00 AM,9705,South,531,Smartphone,Electronics,132.01,1,132.01,Credit Card
686,08-12-2024,7.01.00 AM,7852,West,769,Jeans,Clothing,314.6,7,2202.2,UPI
687,22-02-2024,11.46.00 PM,4594,North,134,Headphones,Electronics,170.08,3,510.24,COD
688,18-09-2024,12.28.00 AM,5841,North,878,Laptop,Electronics,966.17,7,6763.19,Credit Card
689,02-11-2024,7.07.00 AM,2409,South,675,Smartphone,Clothing,213.74,9,1923.66,COD
690,30-05-2024,4.16.00 PM,5566,West,593,Smartphone,Electronics,744.15,2,1488.3,Credit Card
691,24-10-2024,5.50.00 PM,2279,South,760,Jeans,Electronics,539.21,2,1078.42,UPI
692,06-09-2024,3.35.00 PM,8083,East,424,Smartphone,Electronics,203.5,7,1424.5,UPI
693,01-06-2024,6.13.00 PM,6619,West,375,Laptop,Electronics,917.32,5,4586.6,COD
694,26-11-2024,7.33.00 AM,2387,South,968,T-Shirt,Electronics,334.56,5,1672.8,Credit Card
695,07-11-2024,10.54.00 AM,3679,West,783,T-Shirt,Clothing,378.36,4,1513.44,UPI
696,14-01-2024,1.20.00 PM,3106,East,300,Laptop,Electronics,762.23,5,3811.15,COD
697,10-09-2024,8.31.00 PM,5831,East,134,Headphones,Electronics,740.55,4,2962.2,COD
698,13-08-2024,5.10.00 AM,3768,South,581,Smartphone,Clothing,601.45,2,1202.9,UPI
699,15-05-2024,6.08.00 PM,3573,South,579,Headphones,Electronics,59.11,2,118.22,UPI
700,20-01-2024,7.46.00 AM,3599,East,164,Jeans,Clothing,264.49,9,2380.41,UPI
701,18-04-2024,1.35.00 AM,5033,West,107,Headphones,Clothing,470.39,6,2822.34,UPI
702,29-01-2024,2.42.00 PM,9428,South,400,Smartphone,Electronics,234.71,9,2112.39,UPI
703,27-06-2024,2.16.00 PM,2304,North,442,Smartphone,Clothing,746.47,9,6718.23,UPI
704,05-10-2024,3.38.00 AM,8368,East,530,T-Shirt,Electronics,920.02,3,2760.06,UPI
705,21-07-2024,6.35.00 AM,6877,South,523,Headphones,Clothing,429.53,1,429.53,UPI
706,30-09-2024,3.14.00 AM,2301,North,431,T-Shirt,Clothing,348.71,1,348.71,Credit Card
707,14-07-2024,11.30.00 AM,3541,East,537,Headphones,Clothing,961.94,3,2885.82,Credit Card
708,10-07-2024,11.25.00 AM,3051,North,687,T-Shirt,Electronics,450.4,5,2252,UPI
709,27-06-2024,6.18.00 AM,9633,West,658,Jeans,Electronics,358.13,9,3223.17,COD
710,31-08-2024,8.30.00 PM,1074,North,972,Headphones,Clothing,573.27,3,1719.81,UPI
711,11-10-2024,2.47.00 PM,6475,North,125,Smartphone,Clothing,813.69,5,4068.45,Credit Card
712,22-11-2024,4.19.00 AM,9232,North,919,Headphones,Electronics,348.43,2,696.86,UPI
713,01-04-2024,2.47.00 PM,8184,South,704,Laptop,Electronics,439.36,6,2636.16,COD
714,07-02-2024,9.07.00 PM,6796,West,505,Jeans,Clothing,849.99,7,5949.93,COD
715,06-02-2024,3.37.00 PM,2622,East,632,Jeans,Clothing,796,6,4776,COD
716,04-10-2024,2.40.00 AM,9041,East,918,Smartphone,Clothing,941.58,3,2824.74,COD
717,13-08-2024,3.18.00 AM,1341,West,649,T-Shirt,Electronics,626.98,5,3134.9,Credit Card
718,26-03-2024,4.03.00 PM,3074,East,887,T-Shirt,Electronics,744.21,4,2976.84,COD
719,15-05-2024,8.37.00 PM,8992,West,604,Laptop,Electronics,807.05,5,4035.25,Credit Card
720,03-05-2024,8.21.00 AM,1645,East,768,Smartphone,Clothing,846.59,8,6772.72,UPI
721,31-03-2024,8.51.00 PM,9801,North,231,Laptop,Clothing,60.75,6,364.5,UPI
722,11-07-2024,1.08.00 AM,9646,North,554,Jeans,Clothing,677.02,8,5416.16,UPI
723,01-06-2024,9.39.00 PM,3969,North,447,Jeans,Electronics,455.85,8,3646.8,UPI
724,29-12-2024,10.29.00 PM,4028,North,639,Jeans,Electronics,751.47,2,1502.94,UPI
725,02-04-2024,8.57.00 PM,3681,North,505,Headphones,Electronics,638.4,2,1276.8,UPI
726,25-03-2024,12.19.00 AM,4629,South,175,T-Shirt,Clothing,194.56,4,778.24,COD
727,22-11-2024,5.03.00 PM,5225,West,678,Jeans,Electronics,751.88,7,5263.16,COD
728,04-05-2024,9.20.00 PM,6941,East,591,Smartphone,Clothing,212.02,8,1696.16,COD
729,21-12-2024,6.39.00 AM,2386,North,293,Jeans,Clothing,298.99,9,2690.91,Credit Card
730,16-09-2024,7.37.00 PM,3866,South,261,T-Shirt,Electronics,751.12,8,6008.96,Credit Card
731,07-02-2024,7.21.00 PM,5788,East,446,Smartphone,Electronics,487.78,2,975.56,UPI
732,13-07-2024,11.24.00 AM,6490,South,460,Smartphone,Electronics,223.87,7,1567.09,UPI
733,11-05-2024,4.32.00 AM,5124,South,868,T-Shirt,Electronics,967.6,2,1935.2,UPI
734,29-03-2024,3.56.00 AM,9340,North,683,Jeans,Electronics,717.97,2,1435.94,COD
735,06-11-2024,2.23.00 PM,6415,North,361,T-Shirt,Clothing,432.83,1,432.83,Credit Card
736,29-02-2024,7.58.00 PM,7819,East,764,T-Shirt,Clothing,898.98,6,5393.88,Credit Card
737,24-07-2024,12.45.00 PM,9378,East,821,Smartphone,Electronics,529.8,9,4768.2,COD
738,22-01-2024,11.47.00 PM,2333,West,672,Headphones,Electronics,710.21,8,5681.68,Credit Card
739,30-03-2024,2.59.00 PM,5150,West,879,Laptop,Electronics,259.65,2,519.3,UPI
740,06-10-2024,6.47.00 AM,7766,South,361,Jeans,Clothing,452.26,1,452.26,COD
741,16-03-2024,6.27.00 AM,3711,East,829,Jeans,Clothing,132.22,2,264.44,Credit Card
742,03-07-2024,1.53.00 PM,7212,South,747,T-Shirt,Electronics,10.93,4,43.72,UPI
743,22-11-2024,11.59.00 PM,8479,South,566,Laptop,Clothing,48.87,5,244.35,Credit Card
744,17-12-2024,11.07.00 AM,6408,South,479,Jeans,Clothing,977.51,7,6842.57,COD
745,03-08-2024,5.19.00 AM,8715,West,461,Jeans,Clothing,249.93,3,749.79,COD
746,10-05-2024,2.20.00 AM,9942,East,548,T-Shirt,Electronics,666.68,2,1333.36,UPI
747,30-10-2024,4.20.00 PM,2762,North,540,Headphones,Electronics,840.71,7,5884.97,UPI
748,14-01-2024,9.01.00 PM,8101,South,192,Laptop,Electronics,555.15,5,2775.75,Credit Card
749,02-04-2024,4.48.00 AM,8674,West,720,Headphones,Clothing,161.61,1,161.61,COD
750,05-03-2024,5.51.00 PM,1481,North,966,Laptop,Electronics,604.25,9,5438.25,UPI
751,27-02-2024,4.22.00 AM,1153,North,523,Laptop,Electronics,733.94,5,3669.7,UPI
752,16-03-2024,10.49.00 PM,3120,North,531,Laptop,Clothing,577.83,9,5200.47,COD
753,03-08-2024,11.26.00 PM,3343,West,848,Smartphone,Clothing,348.22,1,348.22,Credit Card
754,19-08-2024,8.37.00 AM,6136,North,951,Jeans,Electronics,651.98,4,2607.92,Credit Card
755,22-06-2024,12.12.00 PM,6760,East,923,Smartphone,Clothing,77.76,3,233.28,UPI
756,05-02-2024,10.09.00 PM,1060,North,752,Jeans,Clothing,128.19,7,897.33,Credit Card
757,22-09-2024,9.43.00 PM,2639,East,800,Headphones,Clothing,334.56,8,2676.48,Credit Card
758,10-10-2024,12.01.00 AM,7185,West,148,Laptop,Electronics,817.59,2,1635.18,COD
759,16-07-2024,10.59.00 PM,8970,North,401,T-Shirt,Clothing,601.34,7,4209.38,Credit Card
760,07-05-2024,6.31.00 AM,2252,North,980,Smartphone,Electronics,399.7,1,399.7,Credit Card
761,21-10-2024,7.32.00 AM,5203,West,289,Laptop,Electronics,478.7,7,3350.9,COD
762,05-01-2024,2.02.00 AM,9363,South,235,Laptop,Clothing,856,8,6848,Credit Card
763,01-04-2024,11.04.00 PM,4549,West,654,Jeans,Electronics,346.6,2,693.2,UPI
764,30-03-2024,4.51.00 AM,5197,North,503,Jeans,Electronics,870.95,9,7838.55,UPI
765,11-11-2024,11.56.00 AM,8009,West,991,Jeans,Electronics,97.25,1,97.25,COD
766,15-10-2024,11.43.00 AM,7667,East,964,T-Shirt,Electronics,779.03,6,4674.18,Credit Card
767,03-11-2024,1.09.00 PM,3322,West,701,Jeans,Electronics,849.07,1,849.07,UPI
768,20-01-2024,12.53.00 PM,5090,North,906,Laptop,Electronics,190,3,570,UPI
769,28-10-2024,10.23.00 AM,7960,West,440,Jeans,Clothing,436.04,6,2616.24,UPI
770,05-10-2024,10.46.00 PM,4004,South,856,Headphones,Electronics,173.84,3,521.52,UPI
771,22-09-2024,2.53.00 PM,6136,West,803,Jeans,Clothing,709.54,8,5676.32,Credit Card
772,02-10-2024,6.27.00 AM,1329,South,417,T-Shirt,Clothing,539.99,5,2699.95,Credit Card
773,04-02-2024,2.11.00 PM,8982,South,462,Laptop,Clothing,204.52,4,818.08,Credit Card
774,05-08-2024,12.47.00 AM,5107,West,921,Laptop,Clothing,219.63,9,1976.67,UPI
775,05-10-2024,11.32.00 PM,2341,North,481,Smartphone,Electronics,51.08,4,204.32,COD
776,18-05-2024,12.01.00 AM,9407,South,332,Headphones,Electronics,328.85,8,2630.8,COD
777,03-10-2024,6.40.00 PM,1338,East,876,Smartphone,Electronics,564.15,5,2820.75,UPI
778,14-01-2024,11.03.00 PM,6895,South,443,Headphones,Clothing,859.36,1,859.36,UPI
779,10-07-2024,7.30.00 AM,3708,South,648,Headphones,Clothing,670.26,7,4691.82,COD
780,19-01-2024,8.17.00 AM,6604,East,652,Smartphone,Electronics,953.59,8,7628.72,UPI
781,01-01-2024,6.34.00 PM,3421,West,628,T-Shirt,Clothing,722.05,3,2166.15,UPI
782,23-03-2024,4.40.00 AM,8119,South,955,Headphones,Clothing,930.86,1,930.86,Credit Card
783,02-09-2024,6.48.00 PM,9901,South,888,Laptop,Clothing,532.31,5,2661.55,Credit Card
784,01-08-2024,7.29.00 AM,6319,North,918,Headphones,Clothing,266.32,2,532.64,COD
785,25-11-2024,4.14.00 PM,7609,East,670,T-Shirt,Electronics,62.3,4,249.2,UPI
786,23-01-2024,11.48.00 AM,4993,East,140,Smartphone,Clothing,130.09,9,1170.81,Credit Card
787,16-03-2024,1.56.00 PM,9680,South,650,T-Shirt,Clothing,309.75,6,1858.5,Credit Card
788,27-12-2024,5.15.00 PM,9592,South,758,Laptop,Clothing,385.94,9,3473.46,UPI
789,10-09-2024,1.02.00 AM,6913,West,432,Smartphone,Electronics,621.02,5,3105.1,UPI
790,01-03-2024,2.01.00 AM,8124,North,226,Smartphone,Electronics,970.12,6,5820.72,Credit Card
791,11-03-2024,11.38.00 PM,4157,North,657,Headphones,Clothing,730.35,3,2191.05,UPI
792,22-07-2024,4.48.00 AM,1390,North,656,Headphones,Clothing,923.38,4,3693.52,COD
793,10-07-2024,5.58.00 AM,5430,East,100,Laptop,Electronics,764.59,6,4587.54,UPI
794,21-11-2024,8.00.00 AM,9820,East,267,Jeans,Electronics,595.8,7,4170.6,UPI
795,23-05-2024,10.14.00 PM,5232,East,118,Headphones,Electronics,670.02,7,4690.14,UPI
796,25-07-2024,3.17.00 AM,2521,South,683,Jeans,Electronics,606.44,5,3032.2,Credit Card
797,27-09-2024,2.10.00 AM,2500,South,555,Laptop,Clothing,494.89,6,2969.34,COD
798,15-01-2024,6.07.00 AM,4294,North,367,Jeans,Electronics,341.1,9,3069.9,COD
799,02-05-2024,12.11.00 AM,6085,East,544,Jeans,Electronics,524.12,6,3144.72,COD
800,12-09-2024,2.43.00 PM,3419,West,339,Laptop,Electronics,205.58,7,1439.06,COD
801,02-07-2024,10.57.00 PM,5497,North,701,Jeans,Clothing,193.92,1,193.92,COD
802,14-08-2024,8.23.00 AM,6392,West,619,Jeans,Clothing,443.34,6,2660.04,UPI
803,18-03-2024,7.24.00 AM,8693,East,252,Jeans,Clothing,283.99,9,2555.91,COD
804,06-01-2024,9.47.00 PM,8138,South,273,Laptop,Clothing,353.53,2,707.06,UPI
805,12-09-2024,10.39.00 AM,3667,North,442,Smartphone,Electronics,933.54,2,1867.08,UPI
806,21-04-2024,10.29.00 AM,8980,East,769,Headphones,Electronics,923.42,5,4617.1,Credit Card
807,14-09-2024,11.50.00 AM,3983,East,826,Jeans,Electronics,334.61,3,1003.83,COD
